{"cameraMode":{"drawMode":0,"name":"Shaded","section":"Shading Mode"},"sceneLighting":true,"audioPlay":false,"sceneViewState":{"m_AlwaysRefresh":false,"showFog":true,"showSkybox":true,"showFlares":true,"showImageEffects":true,"showParticleSystems":true,"showVisualEffectGraphs":true,"m_FxEnabled":true},"in2DMode":false,"pivot":{"x":0.8069829940795898,"y":-3.2907447814941408,"z":0.7092416882514954},"rotation":{"x":0.27767443656921389,"y":0.6506263613700867,"z":-0.2780052721500397,"w":0.6498503684997559},"size":11.815277099609375,"orthographic":false}